title,url
Zootopia 2,https://www.rottentomatoes.com/m/zootopia_2
Eternity,https://www.rottentomatoes.com/m/eternity_2025
The Secret Agent,https://www.rottentomatoes.com/m/the_secret_agent_2025
Troll 2,https://www.rottentomatoes.com/m/troll_2_2025
All the Empty Rooms,https://www.rottentomatoes.com/m/all_the_empty_rooms
The Merchants of Joy,https://www.rottentomatoes.com/m/the_merchants_of_joy
Living Proof,https://www.rottentomatoes.com/m/living_proof_2025
Paul Anka: His Way,https://www.rottentomatoes.com/m/paul_anka_his_way
TRON: Ares,https://www.rottentomatoes.com/m/tron_ares
Sarah's Oil,https://www.rottentomatoes.com/m/sarahs_oil
Trap House,https://www.rottentomatoes.com/m/trap_house_2025
In Our Blood,https://www.rottentomatoes.com/m/in_our_blood
Lost Horizon,https://www.rottentomatoes.com/m/lost_horizon_2025
Matt Rife: Unwrapped - A Christmas Crowd Work Special,https://www.rottentomatoes.com/m/matt_rife_unwrapped_a_christmas_crowd_work_special
Tapawingo,https://www.rottentomatoes.com/m/tapawingo
Bau: Artist at War,https://www.rottentomatoes.com/m/bau_artist_at_war
Drink and Be Merry,https://www.rottentomatoes.com/m/drink_and_be_merry
Capturing Kennedy,https://www.rottentomatoes.com/m/capturing_kennedy
Oh. What. Fun.,https://www.rottentomatoes.com/m/oh_what_fun
My Secret Santa,https://www.rottentomatoes.com/m/my_secret_santa
Christmas in Nashville,https://www.rottentomatoes.com/m/christmas_in_nashville
Christmas in Rockefeller Center,https://www.rottentomatoes.com/m/christmas_in_rockefeller_center
Lali: Time to Step Up,https://www.rottentomatoes.com/m/lali_time_to_step_up
I Wish You Had Told Me,https://www.rottentomatoes.com/m/i_wish_you_had_told_me
Love After Holidays,https://www.rottentomatoes.com/m/love_after_holidays
Jay Kelly,https://www.rottentomatoes.com/m/jay_kelly
Hunting Season,https://www.rottentomatoes.com/m/hunting_season_2025
The Family McMullen,https://www.rottentomatoes.com/m/the_family_mcmullen
The Wailing,https://www.rottentomatoes.com/m/el_llanto
Reflection in a Dead Diamond,https://www.rottentomatoes.com/m/reflection_in_a_dead_diamond
Frontier Crucible,https://www.rottentomatoes.com/m/frontier_crucible
The New Yorker at 100,https://www.rottentomatoes.com/m/the_new_yorker_at_100
Stranger Eyes,https://www.rottentomatoes.com/m/stranger_eyes
Muzzle: City of Wolves,https://www.rottentomatoes.com/m/muzzle_city_of_wolves
The Night My Dad Saved Christmas 2,https://www.rottentomatoes.com/m/the_night_my_dad_saved_christmas_2
Not for Nothing,https://www.rottentomatoes.com/m/not_for_nothing
The First Snow of Fraggle Rock,https://www.rottentomatoes.com/m/the_first_snow_of_fraggle_rock
Sallywood,https://www.rottentomatoes.com/m/sallywood
Diary of a Wimpy Kid: The Last Straw,https://www.rottentomatoes.com/m/diary_of_a_wimpy_kid_the_last_straw
Universal,https://www.rottentomatoes.com/m/universal
Love and Wine,https://www.rottentomatoes.com/m/love_and_wine
Finger Laced Crown,https://www.rottentomatoes.com/m/finger_laced_crown
Jingle Bell Wedding,https://www.rottentomatoes.com/m/jingle_bell_wedding
Train Dreams,https://www.rottentomatoes.com/m/train_dreams
One Battle After Another,https://www.rottentomatoes.com/m/one_battle_after_another
Bugonia,https://www.rottentomatoes.com/m/bugonia
The Perfect Neighbor,https://www.rottentomatoes.com/m/the_perfect_neighbor_2025
Frankenstein,https://www.rottentomatoes.com/m/frankenstein_2025
After the Hunt,https://www.rottentomatoes.com/m/after_the_hunt
Jingle Bell Heist,https://www.rottentomatoes.com/m/jingle_bell_heist
If I Had Legs I'd Kick You,https://www.rottentomatoes.com/m/if_i_had_legs_id_kick_you
Caught Stealing,https://www.rottentomatoes.com/m/caught_stealing
The Age of Disclosure,https://www.rottentomatoes.com/m/the_age_of_disclosure
Zootopia,https://www.rottentomatoes.com/m/zootopia
Wicked,https://www.rottentomatoes.com/m/wicked_2024
Regretting You,https://www.rottentomatoes.com/m/regretting_you
Roofman,https://www.rottentomatoes.com/m/roofman
Weapons,https://www.rottentomatoes.com/m/weapons
Flight Risk,https://www.rottentomatoes.com/m/flight_risk_2024
Champagne Problems,https://www.rottentomatoes.com/m/champagne_problems
Evelyn,https://www.rottentomatoes.com/m/evelyn_2018
Eddington,https://www.rottentomatoes.com/m/eddington
A HOUSE OF DYNAMITE,https://www.rottentomatoes.com/m/a_house_of_dynamite
Playdate,https://www.rottentomatoes.com/m/playdate_2025
Left-Handed Girl,https://www.rottentomatoes.com/m/left_handed_girl
She Rides Shotgun,https://www.rottentomatoes.com/m/she_rides_shotgun
The Roses,https://www.rottentomatoes.com/m/the_roses
Good Boy,https://www.rottentomatoes.com/m/good_boy_2025
Good Fortune,https://www.rottentomatoes.com/m/good_fortune
The Long Walk,https://www.rottentomatoes.com/m/the_long_walk_2025
A Very Jonas Christmas Movie,https://www.rottentomatoes.com/m/a_very_jonas_christmas_movie
Sinners,https://www.rottentomatoes.com/m/sinners_2025
Materialists,https://www.rottentomatoes.com/m/materialists
The Holdovers,https://www.rottentomatoes.com/m/the_holdovers
The Fantastic Four: First Steps,https://www.rottentomatoes.com/m/the_fantastic_four_first_steps
Sisu,https://www.rottentomatoes.com/m/sisu_2022
365 Days,https://www.rottentomatoes.com/m/365_days_2020
Tangerine,https://www.rottentomatoes.com/m/tangerine_2015
Anniversary,https://www.rottentomatoes.com/m/anniversary_2025
Five Nights at Freddy's,https://www.rottentomatoes.com/m/five_nights_at_freddys
The Stringer: The Man Who Took the Photo,https://www.rottentomatoes.com/m/the_stringer_2025
The Woman in Cabin 10,https://www.rottentomatoes.com/m/the_woman_in_cabin_10
The Island,https://www.rottentomatoes.com/m/the_island
Wildcat,https://www.rottentomatoes.com/m/wildcat_2025
The Family Plan 2,https://www.rottentomatoes.com/m/the_family_plan_2
KPop Demon Hunters,https://www.rottentomatoes.com/m/kpop_demon_hunters
The Conjuring: Last Rites,https://www.rottentomatoes.com/m/the_conjuring_last_rites
"Oh, Hi!",https://www.rottentomatoes.com/m/oh_hi
Together,https://www.rottentomatoes.com/m/together_2025
Spirited,https://www.rottentomatoes.com/m/spirited
"Planes, Trains and Automobiles",https://www.rottentomatoes.com/m/planes_trains_and_automobiles
The Best You Can,https://www.rottentomatoes.com/m/the_best_you_can
Friendship,https://www.rottentomatoes.com/m/friendship_2024
The Best Christmas Pageant Ever,https://www.rottentomatoes.com/m/the_best_christmas_pageant_ever_2024
"Sorry, Baby",https://www.rottentomatoes.com/m/sorry_baby
Come See Me in the Good Light,https://www.rottentomatoes.com/m/come_see_me_in_the_good_light
The War Between,https://www.rottentomatoes.com/m/the_war_between
Christmas With the Kranks,https://www.rottentomatoes.com/m/christmas_with_the_kranks
Altered,https://www.rottentomatoes.com/m/altered_2025
Dog,https://www.rottentomatoes.com/m/dog_2022
Thunderbolts*,https://www.rottentomatoes.com/m/thunderbolts
Bride Hard,https://www.rottentomatoes.com/m/bride_hard
Eden,https://www.rottentomatoes.com/m/eden_2024_2
Klaus,https://www.rottentomatoes.com/m/klaus
The Carman Family Deaths,https://www.rottentomatoes.com/m/the_carman_family_deaths
Parasite,https://www.rottentomatoes.com/m/parasite_2019
Stone Creek Killer,https://www.rottentomatoes.com/m/stone_creek_killer
